,NINO3.4,PDO,NPI,NPGO,AO
1968.0,-0.64,,,,
1968.1,-0.74,-0.54752952,-0.75903535,-0.607049154,-0.3809259
1968.2,-0.62,-0.573916485,-1.051624973,-0.724664738,-0.039390148
1968.3,-0.44,-0.616795303,0.507542228,-0.914692691,0.847119885
1968.3,-0.04,-0.629988786,0.586038059,-1.036502159,0.234950646
1968.4,0.28,-0.115442971,0.051993799,-0.99546236,-0.304462672
1968.5,0.58,0.122039712,-0.262465256,-0.905508974,-0.503730479
1968.6,0.53,0.257272907,-0.122138479,-0.868434686,-1.165948376
1968.7,0.45,-0.029685335,-0.292553988,-0.783302558,-1.247972566
1968.8,0.55,-0.237482684,-0.927182667,-0.563093069,-1.948653784
1968.8,0.73,-0.676165974,-0.325263702,-0.549384392,-1.843922332
1968.9,0.98,-0.97961607,1.144310812,-1.095772323,-2.749432318
1969.0,1.13,-1.147832971,2.12125294,-1.24923857,-3.180870291
1969.1,1.09,-0.893858434,1.3881744,-1.208626717,-3.55113768
1969.2,0.95,-0.623392044,-0.191565106,-0.495981615,-1.973214699
1969.3,0.77,-0.376014249,-0.815064856,-0.302198426,-0.863802771
1969.3,0.61,0.082459265,-1.409543154,-0.314811431,-0.291950507
1969.4,0.43,0.260571278,-0.618307676,-0.479061872,-0.304926086
1969.5,0.36,0.059370671,-0.075379517,-0.521484263,-0.333657723
1969.6,0.51,-0.451876773,-0.004541729,-0.284327687,-0.210853144
1969.7,0.79,-0.115442971,-0.709309743,0.021841709,-0.355438157
1969.8,0.86,0.201200607,-0.874264129,0.079143427,0.158024005
1969.8,0.81,0.87406821,-1.63557658,0.412665929,-0.663608138
1969.9,0.63,0.705851309,-1.22366011,0.268229812,-1.826776032
1970.0,0.51,0.798205686,-2.04238472,0.184231693,-2.591871727
1970.1,0.34,0.781713833,-1.638872853,-0.277611352,-2.697530006
1970.2,0.29,0.722343162,-1.292698311,-0.286648383,-1.439825757
1970.3,0.19,0.418893067,-0.112335186,-0.04505685,-0.579730293
1970.3,0.04,0,0.458997933,0.189926546,0.791510265
1970.4,-0.3,-0.366119137,-0.054199629,0.33814004,0.715973863
1970.5,-0.63,-0.742133386,-0.236807783,0.316889257,0.348023541
1970.6,-0.76,-1.312751501,-0.039108046,0.325206793,-0.043560869
1970.7,-0.77,-1.546935814,0.500333191,0.311381723,-0.062560823
1970.8,-0.74,-1.273171053,1.006036633,0.123169276,0.234487233
1970.8,-0.86,-1.042285111,1.676910056,-0.017823755,0.03568284
1970.9,-1.15,-1.210502012,2.37604768,-0.146170606,-0.085268085
1971.0,-1.36,-1.520548849,1.776124296,-0.06404738,-0.68770564
1971.1,-1.38,-1.754733162,1.053380016,0.093546659,-1.008387784
1971.2,-1.12,-1.652483673,-0.083768085,0.410082992,-1.203021456
1971.3,-0.85,-1.589814632,-0.246502388,0.540655917,-0.461096436
1971.3,-0.73,-1.546935814,-0.399636519,0.528266415,-0.265072524
1971.4,-0.74,-1.748136421,-0.473093507,0.509418283,-0.262755457
1971.5,-0.8,-1.286364536,-0.454539947,0.57273004,-0.19834098
1971.6,-0.77,-0.705851309,-0.059420212,0.607462567,0.182121507
1971.7,-0.82,-0.05277393,0.534543154,0.469415383,0.999119514
1971.8,-0.85,-0.415594696,0.866345948,0.312382299,0.814217526
1971.8,-0.96,-1.101655782,1.700251229,0.145510289,1.125167987
1971.9,-0.9,-1.685467379,2.396894377,-0.112771067,0.652949627
1972.0,-0.71,-1.876772874,2.799216022,-0.289998786,0.368413736
1972.1,-0.35,-1.949337028,1.442696529,-0.48979219,-0.078780296
1972.2,0.06,-1.837192427,1.021819542,-0.534965656,0.310950461
1972.3,0.41,-1.751434791,0.374444088,-0.63662331,0.466193985
1972.3,0.67,-1.678870638,0.683857173,-0.656684572,0.508828027
1972.4,0.92,-1.408404248,0.060368113,-0.549092934,-0.214097039
1972.5,1.13,-0.808100798,-0.178543938,-0.453109852,-0.316974837
1972.6,1.37,-0.135233195,-0.116436818,-0.502416568,-0.720607999
1972.7,1.58,0.174813642,0.128834367,-0.734273556,-0.282682237
1972.8,1.84,0.280361501,0.228829021,-0.772916865,-0.420779462
1972.8,2.09,0.115442971,0.626557266,-0.723983135,0.57926688
1972.9,2.12,-0.072564153,0.677487349,-0.409936892,0.968534223
1973.0,1.84,-0.461771885,1.006400114,-0.394097923,1.508874369
1973.1,1.25,-0.517844185,0.348868577,-0.187183287,1.184021502
1973.2,0.54,-0.593706709,0.215034566,-0.18785087,0.09129246
1973.3,-0.1,-0.643182268,-0.033402822,0.039507111,-0.239121368
1973.3,-0.54,-0.798205686,0.09088447,0.215494019,-0.241901849
1973.4,-0.87,-0.758625239,-0.120659611,0.327713299,0.405023402
1973.5,-1.11,-0.883963322,0.243913477,0.301476273,0.516242643
1973.6,-1.28,-0.732238274,0.303882475,0.25435,0.322999212
1973.7,-1.45,-0.831189392,0.605457558,0.26235993,0.354047917
1973.8,-1.71,-1.052180223,1.011738294,0.178329455,0.209926317
1973.8,-1.95,-1.134639488,0.506287863,0.172928846,0.073219334
1973.9,-2.03,-1.250082459,0.15827988,-0.233065353,0.024560916
1974.0,-1.84,-1.19730853,0.086294633,-0.315074615,-0.202975115
1974.1,-1.55,-1.243485718,-0.234304397,-0.424695562,-0.464803744
1974.2,-1.23,-1.012599776,-0.373661892,-0.119313312,-0.429120905
1974.3,-1.03,-0.560723003,-0.931236191,-0.053306486,-0.437462348
1974.3,-0.91,-0.366119137,-0.041679139,0.020290384,-0.113999722
1974.4,-0.77,-0.220990831,0.042550424,0.128827116,-0.076463228
1974.5,-0.53,-0.039580447,-0.275828523,0.257187109,-0.088511979
1974.6,-0.37,0.207797348,-0.319558478,0.141135493,-0.129292368
1974.7,-0.41,0.201200607,-0.593138408,0.030403277,-0.784559062
1974.8,-0.61,0.253974537,-0.421160288,-0.035257049,-0.739144539
1974.8,-0.75,0.069265783,-0.755560901,0.229761618,-0.418462394
1974.9,-0.64,-0.174813642,0.340376666,0.419088366,0.795217573
1975.0,-0.54,-0.550827891,0.513562825,0.701675838,1.086704667
1975.1,-0.57,-0.679464345,1.253829021,0.701669465,0.899022198
1975.2,-0.65,-0.831189392,1.07758891,0.704808788,0.349413782
1975.3,-0.73,-0.933438881,0.894720619,0.624116778,-0.025024329
1975.3,-0.83,-1.147832971,0.625949683,0.546719513,-0.24468233
1975.4,-0.98,-0.850979616,-0.240750837,0.505267051,-0.274340794
1975.5,-1.13,-0.867471469,0.097808424,0.598283105,0.070438853
1975.6,-1.2,-0.890560063,0.295151807,0.632904193,0.812363872
1975.7,-1.37,-1.184115047,0.786485283,0.766515752,0.716437277
1975.8,-1.43,-1.517250478,0.7842064,0.840853764,0.94304648
1975.8,-1.55,-1.642588561,0.218175825,0.992561559,0.948607442
1975.9,-1.65,-1.593113002,-0.429525693,1.0290766,0.900412438
1976.0,-1.56,-1.517250478,0.305808567,1.001826405,1.380972242
1976.1,-1.17,-1.302856389,0.857207255,1.18203722,1.055192548
1976.2,-0.73,-1.220397124,1.27037631,1.589352708,1.243338431
1976.3,-0.47,-0.834487763,0.190387357,1.888604253,0.503730479
1976.3,-0.28,-0.738835016,-0.166937496,2.004740867,0.383706381
1976.4,-0.05,-0.244079425,-0.53545542,1.953969738,0.029195051
1976.5,0.18,0.402401214,-0.57195852,2.030629746,0.260438389
1976.6,0.35,0.893858434,-0.999481505,2.140105453,-0.235877473
1976.7,0.62,1.058776964,-0.681157793,1.968049967,-0.457852542
1976.8,0.81,1.048881852,-1.109813983,1.709609771,-0.757217665
1976.8,0.86,1.180816677,-1.208664742,1.378933807,-1.374021039
1976.9,0.85,1.358928689,-2.449873494,1.267464219,-2.747115251
1977.0,0.71,1.312751501,-3.002936355,1.375271699,-3.638259419
1977.1,0.64,1.147832971,-1.548893521,1.486206676,-2.517725567
1977.2,0.34,0.702552939,0.014229207,1.508625487,-0.156170351
1977.3,0.23,0.43868329,1.222387927,1.250034611,0.823485796
1977.3,0.21,0.339732172,0.231287863,1.01739973,0.559340099
1977.4,0.34,0.303450096,0.041481363,0.909535265,-0.284535891
1977.5,0.35,0.412296326,-0.408926662,0.97336263,-0.987070763
1977.6,0.42,0.092354377,0.04427874,0.926158194,-0.610778998
1977.7,0.57,-0.171515271,-0.231082959,0.991013781,-0.386950276
1977.8,0.73,-0.620093674,0.385268334,1.040177989,0.547754762
1977.8,0.81,-0.666270862,0.336663459,1.066439614,0.164975207
1977.9,0.79,-0.352925655,-0.451975982,1.054983642,0.008341443
1978.0,0.69,0.362820767,-1.944743782,0.993823424,-1.668752027
1978.1,0.42,1.032389999,-2.799517141,0.922500372,-1.324899208
1978.2,0.06,1.345735207,-2.006118595,0.694081453,-1.61221558
1978.3,-0.18,1.164324824,-0.348419571,0.496739782,-0.188145883
1978.3,-0.31,0.771818722,0.604033925,0.427125928,-0.126511887
1978.4,-0.29,-0.062669041,0.785726249,0.418907219,0.041707215
1978.5,-0.36,-0.54423115,0.167653767,0.502050126,-0.149682562
1978.6,-0.42,-0.738835016,-0.360360986,0.772695279,-0.489828074
1978.7,-0.42,-0.296853354,-0.406409023,0.750421154,0.204828769
1978.8,-0.29,-0.135233195,-0.18471955,0.413648018,1.513508504
1978.8,-0.08,-0.131934824,0.696937139,-0.306713748,1.105241207
1978.9,0,-0.356224025,0.785106193,-0.566560185,-0.344316233
1979.0,0.03,-0.771818722,1.93309814,-0.558884416,-1.8119468
1979.1,0.07,-0.531037667,0.498002637,-0.412967009,-1.735020158
1979.2,0.2,-0.046177188,0.560519564,-0.568798914,-1.236387228
1979.3,0.28,0.752028498,-0.88597926,-0.733310518,-1.029241392
1979.3,0.23,0.70914968,0.345855605,-0.791460662,-0.219658001
1979.4,0.05,0.692657827,0.217341957,-0.825617911,0.33458455
1979.5,0.04,0.504650703,0.177453496,-0.96633612,0.133463089
1979.6,0.17,0.778415463,-0.738630532,-0.954966976,-0.320218731
1979.7,0.33,0.850979616,-1.348964792,-0.794405102,-0.914314843
1979.8,0.45,0.837786134,-0.74633312,-0.566789266,-0.377218592
1979.8,0.52,0.369417508,-0.249894876,-0.493794394,0.244218917
1979.9,0.64,-0.016491853,0.423050745,-0.880684653,-0.137170397
1980.0,0.59,0.260571278,-1.226512722,-1.249663395,-0.790120024
1980.1,0.46,0.758625239,-1.596110398,-1.432505998,-2.054312063
1980.2,0.34,1.286364536,-2.285321787,-0.881522227,-1.291070022
1980.3,0.38,1.246784089,-1.030480721,-0.428184256,-1.393484406
1980.3,0.48,0.814697539,-0.266003849,-0.287722482,-0.395291719
1980.4,0.46,0.399102843,0.340284014,-0.565045375,-0.48936466
1980.5,0.25,0.171515271,0.846151379,-0.826677959,-0.039853561
1980.6,0.03,0.277063131,0.383349369,-0.830926873,-0.228926271
1980.7,-0.07,0.646480639,0.108522201,-0.553676343,-0.182121507
1980.8,0.02,0.60030345,-0.81172404,-0.269160735,-0.727095788
1980.8,0.11,0.534336038,-1.354591619,-0.144929858,-0.898558784
1980.9,-0.01,0.283659872,-2.742261777,-0.204429557,-0.710876315
1981.0,-0.26,0.643182268,-2.623597748,-0.481329215,-0.234023819
1981.1,-0.5,1.002704664,-3.005667807,-0.60365012,-0.969924464
1981.2,-0.47,1.286364536,-1.317821253,-0.712310968,-0.71690069
1981.3,-0.37,1.382017283,-1.238947687,-0.335189173,-0.479632977
1981.3,-0.26,1.612903226,-0.506186302,-0.125436137,0.079707123
1981.4,-0.29,1.411702619,-0.143466253,-0.095249675,0.140414292
1981.5,-0.3,0.893858434,0.046671656,-0.364395317,-0.056073034
1981.6,-0.25,0.474965367,0.244727746,-0.366147589,-0.335047963
1981.7,-0.16,0.257272907,0.231286081,-0.294687391,-1.135826498
1981.8,-0.13,0.461771885,0.028380016,0.141384149,-1.109875342
1981.8,-0.15,0.54423115,-0.023966574,0.29681541,-1.191436118
1981.9,-0.08,0.597005079,0.157567173,0.323158644,-1.059826683
1982.0,-0.05,0.399102843,1.211838073,-0.165619195,-0.521340192
1982.1,0.07,0.240781054,1.697667664,-0.508097109,0.539876732
1982.2,0.19,0.065967412,1.681964935,-0.769370674,1.622874091
1982.3,0.47,-0.191305495,1.250183522,-0.805254376,1.074655915
1982.3,0.66,-0.511247444,0.322336255,-0.873315485,0.030121878
1982.4,0.72,-0.257272907,-0.25553952,-0.735196107,-0.641364289
1982.5,0.79,0.062669041,-0.228789823,-0.574398086,-0.376755179
1982.6,1.07,0.597005079,0.288737439,-0.45801753,0.428657491
1982.7,1.58,0.527739297,0.854548856,-0.576833687,0.328560174
1982.8,1.97,0.316643578,0.255377379,-0.699530742,0.467120812
1982.8,2.18,0.125338083,-0.265930796,-0.632016271,0.656656935
1982.9,2.23,0.188007124,-1.629725251,-0.148723964,1.384216136
1983.0,2.18,0.646480639,-3.067970922,0.253180463,0.240975022
1983.1,1.92,1.2566792,-4.132814839,0.452562996,-0.469901293
1983.2,1.54,1.68876575,-3.040079111,0.055115176,-1.441679411
1983.3,1.29,1.90645821,-1.226653482,-0.310167524,-0.809119978
1983.3,1.06,1.988917475,-0.057358706,-0.462290357,-0.401316094
1983.4,0.72,2.529850254,-0.262488419,-0.260779524,0.001390241
1983.5,0.31,2.546342107,-0.057561827,-0.040649301,0.714583623
1983.6,-0.08,2.068078369,0.681795667,-0.140477878,0.646925251
1983.7,-0.46,1.226993865,0.983548927,-0.271996492,1.220631169
1983.8,-0.81,0.953229105,-0.31550139,-0.10073618,0.392974651
1983.8,-1,1.210502012,-0.922869004,-0.181141509,0.401779508
1983.9,-0.91,1.388614025,-1.127979118,-0.099548767,0.186755642
1984.0,-0.6,1.451283066,-0.101325636,-0.147604994,0.365169841
1984.1,-0.42,1.477670031,-1.113785546,0.271354223,-0.826729691
1984.2,-0.34,1.484266772,-1.099910912,0.683762876,-1.377728347
1984.3,-0.43,1.513952108,-1.013553916,0.857980589,-1.015338987
1984.3,-0.51,0.989511181,0.123847195,0.863502042,0.093609528
1984.4,-0.45,0.428788179,0.20629499,0.64031993,0.234023819
1984.5,-0.3,-0.009895112,0.043642648,0.456333069,0.227999444
1984.6,-0.16,0.151725048,-0.240626114,0.481992154,0.033365772
1984.7,-0.24,0.402401214,-0.520442235,0.640206571,-0.10056073
1984.8,-0.56,0.646480639,-0.938229634,0.788449169,-0.764168868
1984.8,-0.92,0.695956198,-0.130516357,0.617270842,-0.366096668
1984.9,-1.14,0.923543769,-1.131186302,0.431495594,-1.541313314
1985.0,-1.04,0.999406293,0.542783836,0.153426078,-1.760971315
1985.1,-0.85,0.916947028,0.950215594,0.147171804,-1.712312897
1985.2,-0.77,0.560723003,2.455609009,0.145772452,-0.109829
1985.3,-0.78,0.250676166,1.349071698,0.212054877,0.357291811
1985.3,-0.78,0.122039712,0.497840496,0.129229865,-0.058853515
1985.4,-0.63,0.412296326,0.127362626,0.086961873,-0.541730386
1985.5,-0.49,0.679464345,0.377367971,-0.029685803,-0.341999166
1985.6,-0.46,0.76522198,0.618364692,-0.297081162,-0.128365541
1985.7,-0.4,0.507949073,1.136246526,-0.705450312,0.531998702
1985.8,-0.35,-0.006596741,1.084968997,-1.173727032,-0.031975532
1985.8,-0.27,-0.026386965,-0.206776067,-1.396995681,-0.987534177
1985.9,-0.36,0.247377795,-1.576628537,-1.272629866,-1.730386023
1986.0,-0.49,1.025793258,-3.113227853,-1.169236429,-2.511701191
1986.1,-0.47,1.619499967,-2.787044758,-0.8049953,-0.714120209
1986.2,-0.31,1.761329903,-1.452166631,-0.864434419,-0.403169748
1986.3,-0.2,1.612903226,-0.150821395,-0.579276957,1.112655823
1986.3,-0.12,1.187413418,0.277257501,-0.639146335,0.465730571
1986.4,-0.04,1.131341117,-0.155582282,-0.631542148,0.414291672
1986.5,0.22,0.821294281,-0.369193215,-0.787456163,-0.138560638
1986.6,0.44,0.60030345,0.026282874,-0.81815144,-0.397145373
1986.7,0.71,0.474965367,-0.323556767,-0.623915002,0.266926178
1986.8,0.94,0.986212811,0.077200485,-0.468851107,1.078826637
1986.8,1.14,1.497460255,-1.279757323,-0.375271396,1.117289958
1986.9,1.22,1.787716868,-1.494488989,-0.081228544,-0.075072988
1987.0,1.23,1.781120127,-2.046839142,0.299313823,-1.186801983
1987.1,1.19,1.889966357,-1.40385753,0.521735487,-2.023726771
1987.2,1.06,1.982320734,-1.383212173,0.457003347,-1.312387043
1987.3,0.95,2.01530444,-0.805443304,0.309076099,-0.479169563
1987.3,0.97,1.563427667,-0.481776067,0.341765137,0.000926827
1987.4,1.22,1.513952108,-0.240394484,0.328397943,-0.394364892
1987.5,1.51,1.837192427,-0.358502601,0.34794117,-0.93238797
1987.6,1.7,2.4012138,0.097731808,0.280705399,-0.470364706
1987.7,1.65,2.186819711,0.34264664,0.189242838,-0.291487094
1987.8,1.48,1.738241309,0.074349654,0.243833735,-0.152463043
1987.8,1.25,1.352331948,0.180758677,0.400421399,-0.532925529
1987.9,1.11,1.210502012,0.026250802,0.695526639,-0.373047871
1988.0,0.81,1.134639488,-0.425429406,0.778104901,-0.618657028
1988.1,0.54,1.184115047,-0.672797734,0.860831231,-0.462486677
1988.2,0.14,1.187413418,-0.806988098,1.001288402,-0.845266231
1988.3,-0.31,1.174219935,-0.462452783,1.295681087,-0.74331526
1988.3,-0.88,0.949930734,-0.73460908,1.527983144,-0.623754576
1988.4,-1.3,0.850979616,-0.388459483,1.57338429,-0.430047732
1988.5,-1.3,0.517844185,-0.256941772,1.457745696,0.080170536
1988.6,-1.11,0.151725048,0.312078612,1.329843861,0.533388943
1988.7,-1.19,-0.092354377,0.090526335,1.258466799,0.614486306
1988.8,-1.48,-0.16162016,0.094839997,1.213434707,0.48009639
1988.8,-1.8,-0.181410383,-0.204459768,1.04519551,0.776681032
1988.9,-1.85,-0.461771885,0.976468178,0.992916913,2.201214143
1989.0,-1.69,-0.791608945,2.349853895,0.818673772,3.736966495
1989.1,-1.43,-0.923543769,2.566814553,0.87087223,3.667917883
1989.2,-1.08,-0.715746421,1.676085097,0.712267518,2.112702164
1989.3,-0.83,-0.224289201,0.815610078,0.688803557,1.00514389
1989.3,-0.58,0.168216901,0.713078184,0.566666082,0.455998888
1989.4,-0.4,0.54752952,0.842208324,0.710703161,0.973168358
1989.5,-0.31,0.422191437,0.399640083,0.735736363,0.816534594
1989.6,-0.27,0.319941949,0.102364407,0.775372608,0.982436628
1989.7,-0.24,0.006596741,0.153957309,0.52876993,1.040363316
1989.8,-0.22,-0.188007124,0.713826527,0.238569135,0.800778535
1989.8,-0.16,-0.27376476,0.3240129,-0.009417608,0.176560545
1989.9,-0.05,-0.333135431,0.255386288,-0.061308212,0.18119468
1990.0,0.14,-0.38261099,1.440082674,-0.05517914,1.741971361
1990.1,0.21,-0.517844185,1.667199416,0.192343957,3.426016034
1990.2,0.28,-0.32983706,1.477239684,0.184183726,3.832893091
1990.3,0.29,0.029685335,-0.346281448,0.239405436,2.693359284
1990.3,0.29,0.37931262,0.000548785,0.02401666,1.448630613
1990.4,0.31,0.37931262,-0.146138907,-0.125903627,0.440706242
1990.5,0.33,0.27046639,-0.19511439,-0.196190459,-0.079707123
1990.6,0.38,0.250676166,-0.359648279,-0.224329926,-0.317901664
1990.7,0.39,-0.065967412,0.015513862,-0.182917443,0.125121646
1990.8,0.35,-0.659674121,1.570501033,-0.305449454,0.449974512
1990.8,0.4,-1.520548849,2.306230846,-0.717408128,1.139070393
1990.9,0.41,-1.959232139,2.215510299,-0.904558647,1.168265443
1991.0,0.41,-1.794313609,-0.058919535,-0.774266304,0.520876778
1991.1,0.26,-1.302856389,-0.196530896,-0.556575685,-0.315121183
1991.2,0.22,-0.969720958,-0.617229706,-0.395283354,-0.404559989
1991.3,0.26,-0.745431757,0.166511653,-0.321801849,0.226609203
1991.3,0.45,-0.986212811,-0.204889174,-0.196069961,0.417535567
1991.4,0.64,-0.686061086,-0.072730026,-0.277965099,0.084804671
1991.5,0.73,-0.399102843,-0.179791177,-0.432282149,0.228926271
1991.6,0.64,0.300151725,-0.726870857,-0.600480184,0.230316511
1991.7,0.62,0.494755591,-0.492468463,-0.78361191,0.200658047
1991.8,0.79,0.514545814,-0.68949469,-0.663122464,-0.036609667
1991.8,1.21,0.32983706,-0.339517853,-0.442500267,0.762778627
1991.9,1.53,0.184708754,-1.771375882,0.032326516,1.134436257
1992.0,1.71,0.148426677,-1.444779417,-0.052915575,1.52231336
1992.1,1.63,0.339732172,-1.652057943,-0.235215596,1.230826266
1992.2,1.48,0.570618115,-0.609211745,-0.813072581,0.734510404
1992.3,1.29,0.976317699,-0.501829877,-1.214693891,0.835997961
1992.3,1.06,1.170921565,-0.502088233,-1.373607522,0.240048195
1992.4,0.73,1.550234184,-0.264804718,-1.382251005,0.56999861
1992.5,0.37,1.517250478,-0.34193215,-1.217850609,0.196487326
1992.6,0.09,1.375420542,0.080092296,-1.096675502,0.039853561
1992.7,-0.13,1.055478594,-0.056825957,-0.948680943,-0.21826776
1992.8,-0.25,0.887261693,-0.168327275,-0.958638774,-0.133926503
1992.8,-0.28,0.788310575,0.573104198,-1.235184734,0.916631911
1992.9,-0.13,0.498053961,1.275092652,-1.789438966,2.705871449
1993.0,0.09,0.253974537,0.545278312,-2.047414792,2.458872052
1993.1,0.3,0.32983706,-1.067815908,-2.009391218,2.058946198
1993.2,0.5,0.712448051,-2.585728031,-1.39210754,0.237731127
1993.3,0.67,1.352331948,-2.124843204,-1.076772437,-0.592242458
1993.3,0.7,1.873474504,-1.477428551,-1.058835001,-1.187265397
1993.4,0.57,2.249488753,-0.471133561,-1.334678963,-1.222484823
1993.5,0.32,2.434197506,0.063598461,-1.46211445,-0.65990083
1993.6,0.25,2.176924599,0.380142185,-1.571685202,-0.586218082
1993.7,0.15,1.866877762,0.290084456,-1.774354928,-0.611242412
1993.8,0.1,1.388614025,0.655919036,-2.219543069,0.035219426
1993.8,0.04,1.226993865,0.201605374,-2.205482095,0.154316697
1993.9,0.06,1.161026453,0.610136484,-2.055436417,0.282682237
1994.0,0.06,0.946632364,0.661449647,-1.749514756,-0.581120534
1994.1,0.07,0.857576357,0.974447652,-1.706096845,0.338755271
1994.2,0.17,0.804802428,0.429915901,-1.584046458,0.576486399
1994.3,0.31,1.015898146,-0.283028651,-1.080985376,0.922656286
1994.3,0.42,0.903753546,-0.069296558,-0.707826846,0.795217573
1994.4,0.41,0.577214856,0.139122301,-0.48710096,0.853607674
1994.5,0.44,-0.089056006,0.596169197,-0.654280172,1.290606608
1994.6,0.43,-0.689359456,0.248825814,-0.802219849,0.507437787
1994.7,0.55,-1.1445346,0.23876951,-0.922067473,0.425413597
1994.8,0.74,-1.530443961,0.978419215,-1.170904145,0.866119839
1994.8,1.01,-1.672273897,0.569897014,-1.144478316,1.319338246
1994.9,1.09,-1.398509136,-0.185245171,-0.961018364,1.167338616
1995.0,0.96,-0.60030345,-1.399166132,-0.922758242,1.00514389
1995.1,0.72,0.237482684,-0.932757822,-1.234045867,0.772973724
1995.2,0.53,0.672867603,-0.424976837,-1.631720083,0.3980722
1995.3,0.3,1.002704664,-0.410246953,-1.614735979,-0.677047129
1995.3,0.14,1.174219935,-0.569439099,-1.312816268,-0.911070949
1995.4,-0.03,1.464476549,-0.401466396,-1.215186222,-0.565364475
1995.5,-0.24,1.052180223,-0.005177821,-1.065756403,0.099633903
1995.6,-0.54,1.015898146,-0.558137339,-1.019547913,-0.102877798
1995.7,-0.81,0.606900191,-0.450418716,-0.725106394,0.032438945
1995.8,-0.97,0.445280032,-0.449668591,-0.506586629,-0.554705964
1995.8,-1,0.115442971,-1.236994869,-0.173768271,-1.285972473
1995.9,-0.98,0.155023418,-0.977419642,-0.210137814,-1.876824691
1996.0,-0.9,0.494755591,-1.156132849,-0.442720893,-1.466240326
1996.1,-0.75,0.775117092,0.159644715,-0.851972173,-1.16780203
1996.2,-0.59,1.062075335,-1.114877771,-0.791129824,-1.318411419
1996.3,-0.39,1.533742331,-0.99270722,-0.857670854,-1.498679272
1996.3,-0.31,1.563427667,-0.555363125,-0.831058923,-0.581120534
1996.4,-0.3,1.335840095,0.606836647,-0.965429725,0.456925715
1996.5,-0.27,0.570618115,0.653720334,-0.807516052,0.619583855
1996.6,-0.32,0.286958243,0.473328701,-0.769694158,-0.139024051
1996.7,-0.35,-0.075862524,0.5881744,-0.816764462,-0.385560035
1996.8,-0.4,0,0.638635878,-0.922312141,-0.380462487
1996.8,-0.45,-0.089056006,0.859078113,-1.04857621,-0.649705732
1996.9,-0.49,0.095652748,-0.219633312,-1.228273709,-0.946290375
1997.0,-0.5,0.158321789,-1.064728102,-1.232151071,-0.133926503
1997.1,-0.36,0.38261099,-1.022202623,-1.011141587,1.16919227
1997.2,-0.1,0.65307738,-0.960398404,-0.671004013,1.531118217
1997.3,0.28,1.164324824,-0.684104839,-0.600252126,0.210389731
1997.3,0.75,1.860281021,-1.099337182,-0.696336662,-0.672876408
1997.4,1.22,2.2890692,-0.599064571,-0.776182919,-1.022753603
1997.5,1.6,2.605712778,-0.28402466,-0.748779956,-0.521340192
1997.6,1.9,2.417705653,-0.516800299,-0.611740447,-0.053292553
1997.7,2.14,2.173626229,-0.18974592,-0.558323556,-0.177950785
1997.8,2.33,1.622798338,-0.327973772,-0.270441566,-0.540340146
1997.8,2.4,1.121446006,0.056569382,-0.047852081,-0.663608138
1997.9,2.39,0.864173098,-1.059737367,0.288712378,-1.303582186
1998.0,2.24,1.009301405,-2.214503599,0.806386713,-1.082070532
1998.1,1.93,1.451283066,-2.955778277,0.996128238,-1.166875203
1998.2,1.44,1.596411373,-1.937164137,0.994208407,-0.220121414
1998.3,0.99,1.312751501,-0.434835365,0.507591791,0.06348765
1998.3,0.45,0.781713833,0.653745278,0.275363559,-0.148292321
1998.4,-0.13,0.349627284,0.764879552,0.236868151,-0.228926271
1998.5,-0.78,0.046177188,1.032702587,0.235391125,-0.126511887
1998.6,-1.12,-0.484860479,0.62192823,0.213034313,-0.283609064
1998.7,-1.31,-0.930140511,0.715214525,0.12473409,-0.049121831
1998.8,-1.35,-1.029091629,-0.079951536,0.258107622,-1.021826776
1998.8,-1.48,-0.775117092,0.466198061,0.475356138,0.091755874
1998.9,-1.57,-0.422191437,0.517662676,0.77050177,0.006487789
1999.0,-1.55,-0.468368626,0.738600242,1.246420578,0.901339265
1999.1,-1.3,-0.432086549,0.213632314,1.607966709,-0.417072153
1999.2,-1.07,-0.461771885,0.269378519,1.777006478,-0.336438204
1999.3,-0.98,-0.468368626,0.504869575,1.5671912,-0.455072061
1999.3,-1.02,-0.788310575,0.262825173,1.546504319,0.563974234
1999.4,-1.04,-0.87076984,0.304292281,1.466929968,0.431437972
1999.5,-1.1,-0.963124217,-0.089990022,1.415604943,0.015292646
1999.6,-1.11,-1.038986741,0.141741501,1.235544448,-0.284999305
1999.7,-1.16,-1.556830926,0.094624403,1.174870074,-0.286852959
1999.8,-1.26,-1.916353321,0.462062576,1.141004379,0.307706567
1999.8,-1.46,-1.949337028,0.82825351,1.065375982,0.763705454
1999.9,-1.65,-1.873474504,1.864830851,1.133073661,1.355021085
2000.0,-1.66,-1.47107329,0.476443402,1.373905255,1.570508365
2000.1,-1.41,-0.837786134,-1.070339164,1.702758443,0.87816859
2000.2,-1.07,-0.062669041,-2.219946909,1.990903155,0.160341072
2000.3,-0.81,0.194603866,-0.7434407,2.01992388,0.110755827
2000.3,-0.71,-0.046177188,0.377251612,2.005767111,0.591315631
2000.4,-0.64,-0.37931262,0.193348265,1.792976786,0.419852635
2000.5,-0.55,-0.755326869,0.329712979,1.532445084,0.037536494
2000.6,-0.51,-1.019196517,0.205275882,1.315935367,-0.050975485
2000.7,-0.55,-1.230292236,0.194397042,1.32865299,0.396681959
2000.8,-0.63,-1.012599776,-0.625539202,1.527491572,-0.402706335
2000.8,-0.75,-0.432086549,-1.323497345,1.762875022,-1.676630057
2000.9,-0.74,0.194603866,-2.026888984,2.111907684,-2.267945688
2001.0,-0.68,0.465070255,-1.298919226,2.39426987,-1.823532138
2001.1,-0.52,0.441981661,-0.583635523,2.46138642,-1.514435331
2001.2,-0.44,0.141829936,0.482342624,2.26404028,-0.650169146
2001.3,-0.34,-0.05277393,0.329156001,1.963472977,-0.152463043
2001.3,-0.25,-0.356224025,0.632335514,1.951634455,0.622364336
2001.4,-0.12,-0.686061086,0.272628697,1.74065308,0.188145883
2001.5,-0.08,-0.841084504,0.224124242,1.728994781,0.220121414
2001.6,-0.13,-1.137937859,-0.03629835,1.592138084,-0.10056073
2001.7,-0.19,-1.157728082,0.139647327,1.490591776,0.241438436
2001.8,-0.29,-1.319348242,-0.752992273,1.445453722,0.37953566
2001.8,-0.35,-1.174219935,-0.822395241,1.483390169,0.094536355
2001.9,-0.31,-0.633287156,-0.644280906,1.694009148,0.406877056
2002.0,-0.15,-0.428788179,0.586746303,1.817826525,0.631632606
2002.1,0.03,-0.263869648,1.140447241,1.781473937,1.662264238
2002.2,0.09,-0.458473514,1.55422829,1.491528781,1.36892349
2002.3,0.2,-0.455175143,1.03699161,1.169177452,0.950461096
2002.3,0.43,-0.428788179,0.321257584,1.081334791,0.797998054
2002.4,0.65,-0.425489808,-0.526574943,1.226759283,0.603364382
2002.5,0.79,-0.019790224,-0.382922118,1.139563119,0.311413875
2002.6,0.86,0.237482684,-0.008923493,0.905329956,0.025951156
2002.7,1.01,0.478263738,-0.390607224,0.737775706,-0.81607118
2002.8,1.21,0.778415463,-1.599657518,0.991921124,-1.370313731
2002.8,1.31,1.329243354,-2.391294558,1.535420647,-2.088141248
2002.9,1.14,1.880071245,-2.976298824,1.878995141,-1.616849715
2003.0,0.92,1.959232139,-1.834328783,1.67905224,-0.897168543
2003.1,0.63,1.764628274,-1.342487912,1.335390852,0.272950554
2003.2,0.38,1.464476549,-0.165232746,1.075220047,0.409194124
2003.3,-0.04,1.180816677,0.114067833,1.053233729,0.821168729
2003.3,-0.26,0.907051916,0.090171122,0.839383366,0.341535752
2003.4,-0.16,0.834487763,0.150863908,0.869591242,0.458779369
2003.5,0.08,0.831189392,0.012413491,0.828510665,-0.142267946
2003.6,0.21,0.610198562,0.161013936,0.855963661,0.121414338
2003.7,0.26,0.567319744,-0.216759101,0.881322128,-0.223828722
2003.8,0.29,0.448578402,0.819639979,0.612395309,0.203438528
2003.8,0.35,0.554126262,0.248068354,0.418991071,0.109829
2003.9,0.35,0.422191437,0.322727057,0.112477923,-0.36099912
2004.0,0.37,0.408997955,-1.852993458,0.346896203,-1.350850364
2004.1,0.31,0.501352332,-0.831075796,0.394450483,-1.326289448
2004.2,0.23,0.54752952,-1.117842245,0.352531687,-0.734510404
2004.3,0.17,0.679464345,-0.01622938,0.214604688,-0.085731498
2004.3,0.17,0.49145722,-0.131138604,0.332636809,-0.342462579
2004.4,0.28,0.448578402,-0.118085182,0.418510134,-0.246072571
2004.5,0.47,0.43868329,-0.533128318,0.561881819,-0.536169424
2004.6,0.64,0.672867603,-0.432878271,0.441891179,-0.030585291
2004.7,0.7,0.49145722,-0.112414676,0.331320767,-0.176097131
2004.8,0.67,0.003298371,0.137757158,-0.006739487,0.471754947
2004.8,0.66,-0.300151725,0.048445203,-0.415117578,0.645535011
2004.9,0.69,-0.118741342,-0.217837505,-0.925854451,1.049168173
2005.0,0.64,0.356224025,-0.063850967,-1.241774144,0.145975254
2005.1,0.58,0.860874728,-0.951596274,-1.394518805,-1.048704759
2005.2,0.45,1.055478594,-0.588476488,-1.403582539,-1.234996988
2005.3,0.43,1.401807507,-1.145531143,-1.195332467,-0.999582928
2005.3,0.29,1.339138466,-0.613753792,-1.133492025,-0.552388897
2005.4,0.11,1.217098753,-0.677136661,-1.128874156,-0.544974281
2005.5,-0.06,0.686061086,-0.340971037,-1.231178364,-0.179341026
2005.6,-0.14,0.148426677,0.116751991,-1.317595075,0.369803976
2005.7,-0.11,-0.504650703,0.204884812,-1.084629689,0.397608786
2005.8,-0.29,-1.081865558,0.800086509,-1.243867437,0.491218314
2005.8,-0.57,-0.864173098,-0.935983125,-1.151019558,-0.855461328
2005.9,-0.84,-0.089056006,-0.539758722,-1.081884299,-0.948144029
2006.0,-0.85,0.623392044,0.177367747,-0.903134644,-1.126094814
2006.1,-0.77,0.573916485,2.038307025,-0.738321549,-0.894388062
2006.2,-0.57,0.366119137,1.88166003,-0.708946542,-0.751656703
2006.3,-0.37,0.306748466,1.059922497,-0.423676075,-0.60707169
2006.3,-0.14,0.633287156,0.782363955,-0.24879192,0.632559433
2006.4,-0.03,0.616795303,0.340177048,-0.229157372,0.61633996
2006.5,0.1,0.244079425,0.37912993,-0.302180196,0.421242875
2006.6,0.3,-0.408997955,0.321885666,-0.365825442,0.205755596
2006.7,0.54,-0.540932779,0.697098976,-0.528724588,-0.318828491
2006.8,0.77,-0.399102843,0.920251469,-0.717269543,0.045414523
2006.8,0.94,-0.042878818,0.275443212,-0.661575262,0.822095556
2006.9,0.94,-0.023088594,0.549014031,-0.469485649,2.241531118
2007.0,0.66,0.062669041,0.095598692,-0.209419099,1.394411233
2007.1,0.22,-0.102249489,0.753999573,-0.324847331,0.884656379
2007.2,-0.12,-0.05277393,-0.407340254,-0.124610068,0.194170258
2007.3,-0.32,-0.098951118,-0.422941553,0.121428208,1.21414338
2007.3,-0.38,0.049475559,-0.407553565,0.655589971,0.409194124
2007.4,-0.47,0.253974537,-0.151148322,0.946139707,-0.026877983
2007.5,-0.56,0.451876773,-0.220628318,1.170339692,-0.456925715
2007.6,-0.81,0.303450096,-0.430211889,1.074183438,-0.116780203
2007.7,-1.07,-0.432086549,0.025526166,1.086824402,0.24468233
2007.8,-1.34,-0.953229105,-0.768812808,0.872980994,0.019926781
2007.8,-1.5,-1.025793258,-0.240412874,0.734826642,0.31743825
2007.9,-1.6,-0.877366581,0.364855897,0.519077767,0.519486538
2008.0,-1.64,-0.775117092,0.783525313,0.643908188,1.194680013
2008.1,-1.52,-0.81799591,0.44807665,0.918818427,1.08577784
2008.2,-1.29,-0.989511181,0.482875901,1.174318937,0.495389036
2008.3,-1.01,-1.187413418,0.63276806,1.353704697,-0.497706103
2008.3,-0.84,-1.395210766,0.728858551,1.327464189,-0.810973632
2008.4,-0.61,-1.444686325,-0.124484499,1.335449313,-0.822558969
2008.5,-0.37,-1.553532555,-0.150591344,1.456814438,-0.301218778
2008.6,-0.23,-1.622798338,-0.44496587,1.74188396,-0.411047778
2008.7,-0.24,-1.652483673,0.132536974,1.84400096,0.588071736
2008.7,-0.35,-1.504056996,0.177219615,1.791957441,0.667778859
2008.8,-0.55,-1.279767795,1.419321198,1.259971822,1.119607025
2008.9,-0.73,-1.161026453,1.66996113,0.947373913,0.713656796
2009.0,-0.85,-1.259977571,3.093856655,0.636999076,0.359608879
2009.1,-0.79,-1.497460255,2.694770336,0.604227137,0.115389962
2009.2,-0.61,-1.57991952,2.31734689,0.513381321,0.195560499
2009.2,-0.33,-1.358928689,1.235548208,0.403045936,1.060290097
2009.3,0.01,-0.936737252,0.007691031,0.411079467,0.378145419
2009.4,0.28,-0.567319744,-0.547550484,0.453309313,-0.701144631
2009.5,0.45,-0.247377795,-0.678179513,0.499752753,-1.279484684
2009.6,0.58,0.026386965,-0.311646758,0.679025268,-0.248389638
2009.7,0.71,0.290256613,-0.39878413,0.854586668,-0.333657723
2009.7,1.01,0.128636454,-0.327970942,0.952728981,-0.095926595
2009.8,1.36,-0.016491853,-0.829861111,0.980416022,-2.082580286
2009.9,1.56,0.168216901,-1.413265548,1.247457471,-2.567774225
2010.0,1.5,0.570618115,-1.963381684,1.481377422,-4.757403031
2010.1,1.22,0.689359456,-1.579262656,1.655796053,-3.375967376
2010.2,0.84,0.672867603,-0.411250948,1.395697949,-2.304091941
2010.2,0.35,0.606900191,0.242942975,1.407284236,-0.753046944
2010.3,-0.17,0.389207731,0.524613671,1.283053716,-0.558876686
2010.4,-0.66,-0.214394089,0.553309869,1.275714624,-0.230316511
2010.5,-1.05,-0.837786134,0.715094094,1.042979815,0.141341119
2010.6,-1.35,-1.296259648,0.445428043,0.974906454,-0.253487187
2010.7,-1.56,-1.299558018,-0.028690273,1.110312639,-0.671486167
2010.7,-1.64,-1.151131341,0.020080821,1.076110827,-0.791510265
2010.8,-1.64,-1.019196517,1.227163917,1.004917527,-1.609898512
2010.9,-1.59,-0.973019328,1.014031096,0.62081765,-2.173409333
2011.0,-1.42,-0.976317699,1.993529579,0.497602282,-1.269289587
2011.1,-1.19,-0.804802428,0.540866752,0.628306709,0.609852171
2011.2,-0.93,-0.639883897,1.168847175,0.712538708,2.444042819
2011.2,-0.73,-0.48815885,-0.200031997,0.961607708,1.697947078
2011.3,-0.55,-0.48815885,0.11914581,0.935828031,0.640437462
2011.4,-0.44,-0.963124217,-0.071334613,1.068251155,-0.632559433
2011.5,-0.48,-1.41500099,-0.26986751,0.961276438,-1.108948515
2011.6,-0.62,-1.777821756,-0.351642491,1.022643393,-0.403169748
2011.7,-0.83,-1.606306485,-0.350255973,1.07030802,0.186292229
2011.7,-1.01,-1.80091035,0.279075417,0.873023895,1.355021085
2011.8,-1.09,-1.80091035,0.81209708,0.519802078,2.076092497
2011.9,-1.04,-1.814103833,1.14557262,0.411816049,1.603410723
2012.0,-0.86,-1.325944983,0.414853527,0.556288633,0.910607535
2012.1,-0.72,-1.081865558,0.46158632,0.849521186,0.361925947
2012.2,-0.59,-0.715746421,0.33729143,1.173539128,0.447657445
2012.2,-0.47,-0.850979616,0.832035694,1.399640393,0.5421938
2012.3,-0.26,-0.791608945,0.319479996,1.644870224,-0.249779879
2012.4,-0.01,-1.203905271,0.300359073,1.62688366,-0.155706937
2012.5,0.25,-1.424896101,0.235856323,1.662916982,-0.227072617
2012.6,0.37,-1.866877762,0.612876849,1.488810929,0.442096483
2012.7,0.37,-1.626096708,0.484143914,1.493989953,-0.337365031
2012.7,0.27,-1.184115047,0.545891401,1.390825385,-0.395291719
2012.8,0.05,-0.613496933,0.666512609,1.344545798,-1.561703508
2012.9,-0.21,-0.395804473,0.811208286,1.149359097,-1.142314287
2013.0,-0.43,-0.343030543,1.03789818,1.095669906,-1.557532787
2013.1,-0.43,-0.392506102,1.066144056,0.92750949,-2.224848232
2013.2,-0.34,-0.402401214,1.2762135,0.704228736,-1.79341026
2013.2,-0.3,-0.234184313,1.077165102,0.596529083,-1.097826591
2013.3,-0.36,-0.283659872,0.784319302,0.621361763,0.632559433
2013.4,-0.41,-0.643182268,0.560242463,0.61365727,0.478242736
2013.5,-0.4,-1.012599776,0.024145573,0.528515812,0.320682145
2013.6,-0.32,-0.913648658,-0.157707622,0.426640945,-0.147365494
2013.7,-0.26,-0.788310575,-0.352033561,0.24645332,-0.020390194
2013.7,-0.18,-0.481562108,0.706585372,-0.164209966,0.848510126
2013.8,-0.17,-0.458473514,1.363327171,-0.713222347,1.745678669
2013.9,-0.27,-0.072564153,1.007631779,-0.787060992,1.174753232
2014.0,-0.42,0.089056006,0.875426621,-0.625080919,0.254877427
2014.1,-0.46,0.54423115,-0.030272327,-0.326695966,0.130219195
2014.2,-0.27,0.81799591,-0.146212552,-0.393088003,1.029704806
2014.2,0.04,1.286364536,-0.303487628,-0.247755165,1.224338477
2014.3,0.21,1.236888977,0.17922829,-0.239148767,0.430511145
2014.4,0.16,1.095059041,0.557220563,-0.097217464,-0.246535984
2014.5,0.05,0.722343162,-0.190764837,-0.33172777,-0.633949673
2014.6,0.07,0.808100798,-0.641601701,-0.441208434,-0.351730849
2014.7,0.23,1.068672076,-0.754292212,-0.275873832,-0.650632559
2014.7,0.49,1.41500099,-0.854335405,-0.019379209,-0.723851893
2014.8,0.64,1.886667986,-1.013469343,0.105385325,-0.579730293
2014.9,0.66,2.203311564,-1.004270014,-0.189613392,0.451828166
2015.0,0.55,2.394617059,-0.68938159,-0.666679242,1.180777608
2015.1,0.47,2.226400158,0.026254977,-0.976724843,1.840678437
2015.2,0.53,1.893264727,0.506340064,-1.220841041,1.898141712
2015.2,0.7,1.530443961,0.499271189,-1.050206445,1.768385931
2015.3,0.93,1.378718913,0.228467482,-1.004904064,1.11497289
2015.4,1.18,1.510653737,-0.457071246,-1.030941284,0.037999907
2015.5,1.52,1.629395079,-0.362657613,-1.392080199,-0.6348765
2015.6,1.86,1.761329903,-0.088381684,-1.646967818,-0.909217295
2015.7,2.16,1.639290191,-0.214981513,-1.599011397,-0.511608508
2015.7,2.42,1.408404248,0.445990946,-1.691931408,0.709022661
2015.8,2.57,1.101655782,-0.088073568,-1.394388489,1.454654989
2015.9,2.64,1.121446006,-0.70685201,-0.728138417,0.899022198
2016.0,2.48,1.41500099,-2.213666098,0.006526462,-0.013438992
2016.1,2.14,1.873474504,-2.569557025,0.47576167,-0.55285231
2016.2,1.58,2.2329969,-2.039166193,0.081110404,-0.368413736
2016.2,0.94,2.430899136,-0.901290529,-0.189140103,-0.373974698
2016.3,0.39,2.308859423,0.02600019,-0.615093849,-0.358682052
2016.4,-0.07,1.856982651,1.065077503,-0.643130115,0.167755688
2016.5,-0.36,1.25338083,1.161446483,-0.601227971,0.403169748
2016.6,-0.54,0.732238274,1.09798066,-0.54660114,0.620047268
2016.7,-0.63,0.504650703,0.078498294,-0.296953632,-0.307706567
2016.7,-0.69,0.953229105,-0.80152043,0.207823157,-0.809583391
2016.8,-0.67,1.190711788,0.027647421,-0.020766409,-0.34385282
2016.9,-0.56,1.259977571,1.147527967,-0.200551329,0.981046388
2017.0,-0.34,0.87076984,1.644411263,-0.740848809,1.42175263
2017.1,-0.16,0.728939904,0.341421359,-0.544928208,1.226655545
2017.2,0.05,0.844382875,-0.706508343,-0.500618385,0.748876222
2017.2,0.2,0.903753546,-0.822898891,-0.437277032,0.253023773
2017.3,0.3,0.920245399,-0.94456295,-0.258445546,-0.193243431
2017.4,0.31,0.583811597,-0.358948379,-0.356821843,0.141804532
2017.5,0.14,0.323240319,-0.467713074,-0.380213661,0.549608416
2017.6,-0.11,0.168216901,-0.172283845,-0.451123157,0.135316743
2017.7,-0.38,0.151725048,0.118316268,-0.738552051,0.161267899
2017.7,-0.65,0.171515271,1.0599699,-1.197128915,0.05560962
2017.8,-0.84,0.230885942,1.425187239,-1.846479695,0.256267668
2017.9,-0.97,0.445280032,1.337018866,-1.875751035,-0.193706845
2018.0,-0.92,0.517844185,1.711781854,-1.925772659,-0.105194865
2018.1,-0.85,0.336433802,2.256417093,-1.726659618,-0.121460679
2018.2,-0.7,0.141829936,1.817311339,-1.894329134,0.260855461
2018.2,-0.5,0.0560723,0.700138652,-1.802409274,0.75531767
2018.3,-0.22,0.059370671,-0.358314372,-1.774515896,0.975022012
2018.4,-0.01,0.059370671,0.274406286,-1.627099994,1.00653413
2018.5,0.09,0.082459265,0.375041477,-1.68730628,0.847119885
2018.6,0.23,0.125338083,0.993102958,-1.8034222,0.942119653
2018.7,0.49,0.174813642,0.062322241,-2.035568052,0.849900366
2018.7,0.76,0.098951118,-0.192696483,-1.93027041,-0.054682793
2018.8,0.9,0.240781054,-0.601796549,-1.561010467,-0.274804208
2018.9,0.81,0.372715878,-0.429726014,-1.117860701,-0.796607813
2019.0,0.75,0.540932779,0.872760239,-1.35509716,0.253023773
2019.1,0.72,0.49145722,0.488961177,-1.624677839,1.182631262
2019.2,0.71,0.626690415,0.318271236,-2.014835013,1.394874647
2019.2,0.66,0.814697539,-0.959950939,-1.803446734,0.291950507
2019.3,0.54,1.052180223,-0.403998388,-1.912088657,-0.967143983
2019.4,0.45,1.038986741,-0.188833191,-1.910950633,-1.261411558
2019.5,0.28,0.824592651,-0.197341913,-1.97053938,-1.025534084
2019.6,0.14,0.60030345,-0.392882537,-2.020181453,-0.605218036
2019.7,0.19,0.112144601,0.120093857,-2.144892388,-0.230779925
2019.7,0.35,0.036282077,-0.043912353,-2.539555606,-0.449047685
2019.8,0.51,0.220990831,0.031558115,-2.546155899,-0.399925854
2019.9,0.55,0.293554984,0.632205157,-2.229194439,0.759071319
2020.0,0.5,0.019790224,1.571352389,-1.914409783,2.895407572
2020.1,0.48,-0.570618115,2.941677332,-1.702239158,3.928356272
2020.2,0.4,-0.682762715,2.149364808,-1.807820887,3.237406738
2020.2,0.19,-0.428788179,1.167111064,-1.519290564,1.641410631
2020.3,-0.08,-0.184708754,-0.241882347,-1.502249595,0.36099912
2020.4,-0.3,-0.122039712,-0.402677048,-1.492605183,-0.259974976
2020.5,-0.41,-0.244079425,-0.268800958,-1.445688831,-0.424023356
2020.6,-0.57,-0.448578402,-0.19254835,-1.287312219,-0.075072988
2020.7,-0.89,-0.550827891,0.328604949,-1.178573361,0.082487604
2020.7,-1.17,-0.827891022,0.731471606,-1.665992172,1.225728718
2020.8,-1.27,-0.893858434,-0.063898369,-1.834733159,0.128828954
2020.9,-1.19,-0.719044792,-0.320937619,-1.551841176,-0.988924417
2021.0,-1.05,-0.527739297,0.051870023,-1.064246971,-2.507530469
2021.1,-0.93,-0.616795303,1.98195748,-0.749606247,-0.725705547
2021.2,-0.84,-0.864173098,2.520525218,-1.154939146,0.330877242
2021.2,-0.66,-0.996107923,1.963648322,-1.01619506,0.808193151
2021.3,-0.48,-0.999406293,0.495994501,-0.866654958,0.220121414
2021.4,-0.38,-1.316049871,0.07087244,-0.457961343,0.604291209
2021.5,-0.4,-1.375420542,0.067696483,-0.447913053,0.578340053
2021.6,-0.49,-1.490863513,0.413609215,-0.590947226,0.074609574
2021.7,-0.67,-1.715152715,0.179820819,-0.537108932,-0.279438343
2021.7,-0.81,-2.176924599,0.214548967,-0.404669825,-0.132999676
2021.8,-0.98,-2.331948018,1.562061528,-0.807568082,0.074609574
2021.9,-0.99,-1.899861468,1.250094805,-1.126760179,0.534779183
2022.0,-0.97,-1.424896101,1.123755688,-1.570940346,1.210899486
2022.1,-0.94,-1.095059041,-0.443739334,,1.23128968
2022.2,-1,-1.184115047,0.044522658,,0.554705964
2022.2,-1.07,-1.461178178,0.38639434,,0.397145373
2022.3,-1,-1.530443961,0.387206105,,0.24468233
2022.4,-0.85,-1.975723992,0.146597696,,0.533852356
2022.5,,,,,
2022.6,,,,,
2022.7,,,,,
2022.7,,,,,
2022.8,,,,,
2022.9,,,,,
2023.0,,,,,
2023.1,,,,,
2023.2,,,,,
